{
    "ALLOW": {
        "precision": 0.7824994014843188,
        "recall": 0.7083875162548765,
        "f1-score": 0.7436014105335002,
        "support": 9228.0
    },
    "VOICE_CHALLENGE": {
        "precision": 0.2272463768115942,
        "recall": 0.1297583581595498,
        "f1-score": 0.16519174041297935,
        "support": 3021.0
    },
    "VOICE_AND_OTP": {
        "precision": 0.19220308250226656,
        "recall": 0.11603721948549535,
        "f1-score": 0.1447098976109215,
        "support": 1827.0
    },
    "REJECT": {
        "precision": 0.16605552645364066,
        "recall": 0.6861471861471862,
        "f1-score": 0.26739772247996624,
        "support": 924.0
    },
    "accuracy": 0.5183333333333333,
    "macro avg": {
        "precision": 0.3420010968129551,
        "recall": 0.41008257001177695,
        "f1-score": 0.3302251927593418,
        "support": 15000.0
    },
    "weighted avg": {
        "precision": 0.5608004079613282,
        "recall": 0.5183333333333333,
        "f1-score": 0.5248305695131595,
        "support": 15000.0
    }
}