{
    "ALLOW": {
        "precision": 0.7785839672322996,
        "recall": 0.7209579540528825,
        "f1-score": 0.7486637033702808,
        "support": 9228.0
    },
    "VOICE_CHALLENGE": {
        "precision": 0.24232527759634226,
        "recall": 0.12280701754385964,
        "f1-score": 0.16300527240773285,
        "support": 3021.0
    },
    "VOICE_AND_OTP": {
        "precision": 0.17928286852589642,
        "recall": 0.09846827133479212,
        "f1-score": 0.1271186440677966,
        "support": 1828.0
    },
    "REJECT": {
        "precision": 0.16785714285714284,
        "recall": 0.7128927410617552,
        "f1-score": 0.27173239727441667,
        "support": 923.0
    },
    "accuracy": 0.5241333333333333,
    "macro avg": {
        "precision": 0.3420123140529203,
        "recall": 0.41378149599832237,
        "f1-score": 0.32763000428005673,
        "support": 15000.0
    },
    "weighted avg": {
        "precision": 0.5599665826507128,
        "recall": 0.5241333333333333,
        "f1-score": 0.5256192977789954,
        "support": 15000.0
    }
}