{
    "test_metrics": {
        "Accuracy": 0.5241333333333333,
        "Precision": 0.3420123140529203,
        "Recall": 0.41378149599832237,
        "Macro F1": 0.32763000428005673,
        "Weighted F1": 0.5256192977789954,
        "ROC AUC": 0.7102271209024967
    }
}