{
    "checkpoint_version": "1.0.0",
    "best_epoch": 19,
    "best_macro_f1": 0.33343033684596257,
    "total_epochs_run": 29,
    "training_time_minutes": 7.022380065917969,
    "device_executed": "MPS",
    "total_model_parameters": 418679,
    "scaling_inference_benchmarks": {
        "batch_size_1": {
            "Average Latency (ms)": 1.9390552199547528,
            "P50 Latency (ms)": 2.008166498853825,
            "P95 Latency (ms)": 2.310843452141853,
            "FPS (Throughput)": 515.71507077727
        },
        "batch_size_8": {
            "Average Latency (ms)": 1.8564327053536545,
            "P50 Latency (ms)": 1.76087499858113,
            "P95 Latency (ms)": 2.3255204992892686,
            "FPS (Throughput)": 4309.340153795654
        },
        "batch_size_16": {
            "Average Latency (ms)": 1.940618985099718,
            "P50 Latency (ms)": 1.984312999411486,
            "P95 Latency (ms)": 2.336996504163835,
            "FPS (Throughput)": 8244.792060084812
        },
        "batch_size_32": {
            "Average Latency (ms)": 1.948752280222834,
            "P50 Latency (ms)": 1.963458002137486,
            "P95 Latency (ms)": 2.325489299983019,
            "FPS (Throughput)": 16420.76333906375
        },
        "batch_size_64": {
            "Average Latency (ms)": 1.972532704967307,
            "P50 Latency (ms)": 1.9814580009551719,
            "P95 Latency (ms)": 2.049706551770214,
            "FPS (Throughput)": 32445.596384198227
        }
    }
}