{
    "test_metrics": {
        "Accuracy": 0.5183333333333333,
        "Precision": 0.3420010968129551,
        "Recall": 0.41008257001177695,
        "Macro F1": 0.3302251927593418,
        "Weighted F1": 0.5248305695131595,
        "ROC AUC": 0.7118543542344353
    }
}